,music_name,album_name,artist_name,file_url
0,Roundabout,Hidden Treasures,Lena Natalia,https://dl5.songsara.net/FRE/11/Lena Natalia - Hidden Treasures (2023) SONGSARA.NET/01 Roundabout.mp3
1,Basecamp at Dawn,Hidden Treasures,Lena Natalia,https://dl5.songsara.net/FRE/11/Lena Natalia - Hidden Treasures (2023) SONGSARA.NET/02 Basecamp at Dawn.mp3
2,Warm Rain,Hidden Treasures,Lena Natalia,https://dl5.songsara.net/FRE/11/Lena Natalia - Hidden Treasures (2023) SONGSARA.NET/03 Warm Rain.mp3
3,Sketches,Hidden Treasures,Lena Natalia,https://dl5.songsara.net/FRE/11/Lena Natalia - Hidden Treasures (2023) SONGSARA.NET/04 Sketches.mp3
4,Winding Staircase,Hidden Treasures,Lena Natalia,https://dl5.songsara.net/FRE/11/Lena Natalia - Hidden Treasures (2023) SONGSARA.NET/05 Winding Staircase.mp3
5,Sisyphus,Hidden Treasures,Lena Natalia,https://dl5.songsara.net/FRE/11/Lena Natalia - Hidden Treasures (2023) SONGSARA.NET/06 Sisyphus.mp3
6,The Rejection,Hidden Treasures,Lena Natalia,https://dl5.songsara.net/FRE/11/Lena Natalia - Hidden Treasures (2023) SONGSARA.NET/07 The Rejection.mp3
7,Agate Hunter,Hidden Treasures,Lena Natalia,https://dl5.songsara.net/FRE/11/Lena Natalia - Hidden Treasures (2023) SONGSARA.NET/08 Agate Hunter.mp3
8,Rehearsal at the Barre,Hidden Treasures,Lena Natalia,https://dl5.songsara.net/FRE/11/Lena Natalia - Hidden Treasures (2023) SONGSARA.NET/09 Rehearsal at the Barre.mp3
9,The Mobius Strip,Hidden Treasures,Lena Natalia,https://dl5.songsara.net/FRE/11/Lena Natalia - Hidden Treasures (2023) SONGSARA.NET/10 The Mobius Strip.mp3
10,Below the Surface,Hidden Treasures,Lena Natalia,https://dl5.songsara.net/FRE/11/Lena Natalia - Hidden Treasures (2023) SONGSARA.NET/11 Below the Surface.mp3
11,Taking a Chance,Hidden Treasures,Lena Natalia,https://dl5.songsara.net/FRE/11/Lena Natalia - Hidden Treasures (2023) SONGSARA.NET/12 Taking a Chance.mp3
